row,values
geometric-mean,0.30450842931643174
kurtosis,-0.8271121412620848
max,0.5835306727435865
mean,0.3382466127886695
median,0.31229452866132484
min,0.11164334881366166
skewness,0.32174442962816674
standard-deviation,0.15276588639457278
variance,0.023337416045919514
