row,values
geometric-mean,0.8870943134426259
kurtosis,-1.181948845515704
max,0.9116054513081678
mean,0.8873794424991415
median,0.8974359481263248
min,0.8484625799751754
skewness,-0.7066206901409999
standard-deviation,0.02358926753728083
variance,5.564535429454113E-4
