row,values
geometric-mean,0.8763264004248782
kurtosis,-1.136908770035184
max,0.9058829559299798
mean,0.8766010642973682
median,0.8835175773664836
min,0.8372451523991838
skewness,-0.4897773965188168
standard-deviation,0.023047271232645248
variance,5.311767112711173E-4
