row,values
geometric-mean,0.0
kurtosis,-1.0693462894314099
max,0.29219849870023656
mean,0.18228524695504866
median,0.23850415242768547
min,0.0
skewness,-0.926445046538387
standard-deviation,0.11709577614863903
variance,0.013711420791852181
