row,values
0,0.10631772643631161
1,0.3587736464448794
2,0.1249914809514074
3,0.28863510237462403
4,0.3806427094793482
5,0.1367234278704326
6,0.335507719069363
7,0.07619437061269001
8,0.24117937708716702
9,0.12690948389169615
