row,values
0,0.23425923221466058
1,0.05315886321815581
2,0.0
3,0.20261705172766306
4,0.29219849870023656
5,0.2715483249116453
6,0.2768041722243318
7,0.24951725391308302
8,0.0
9,0.24274907264071038
