row,values
0,0.9006585909468559
1,0.8652705546622012
2,0.902575393308022
3,0.9099075082372405
4,0.8805131371274979
5,0.9116054513081678
6,0.8547123703716509
7,0.9058755337488098
8,0.8484625799751754
9,0.8942133053057936
