row,values
0,0.5143153743454849
1,0.2941262376960599
2,0.18091343673024313
3,0.11164334881366166
4,0.5071500002214033
5,0.5835306727435865
6,0.3314568330499895
7,0.3025982286869631
8,0.23474116696361638
9,0.32199082863568657
