row,values
geometric-mean,0.0
kurtosis,-1.6518717801431717
max,0.5085088820312619
mean,0.2114665671469589
median,0.13118848029909164
min,0.0
skewness,0.4875562963616871
standard-deviation,0.20535124557439507
variance,0.04216913405895552
