row,values
0,0.0
1,0.37049791269787186
2,0.37030113619768096
3,0.5085088820312619
4,0.5035464447711432
5,0.0
6,0.12159359756988054
7,0.14078336302830272
8,0.032070566930513786
9,0.06736376824293405
