row,values
geometric-mean,0.5628336050075741
kurtosis,7.256807401055034
max,0.7356660922393902
mean,0.6185859109540361
median,0.666449430927554
min,0.11448140900195702
skewness,-2.574749994906312
standard-deviation,0.18725421095801134
variance,0.035064139521507415
