row,values
0,0.8615460126904444
1,0.863897528613162
2,0.9017767753467296
3,0.8612769965492072
4,0.8495758279933081
5,0.8968685749144181
6,0.9102133925833655
7,0.9135866294257337
8,0.8872600670774806
9,0.861332646901469
