row,values
geometric-mean,0.7004062394367737
kurtosis,-0.7552488004096172
max,0.7869418226696852
mean,0.7025140709619481
median,0.702302706521253
min,0.6066285617520562
skewness,-0.1643923875786735
standard-deviation,0.057028090316495354
variance,0.003252203085146351
