row,values
geometric-mean,0.812273726639788
kurtosis,-1.4310702887373887
max,0.8474466423993473
mean,0.8126457179313192
median,0.8166352600613617
min,0.7732406481646505
skewness,-0.18154544205224296
standard-deviation,0.025871900361074715
variance,6.69355228293378E-4
