row,values
0,0.8054868775935119
1,0.7566581802024773
2,0.7845384925764286
3,0.7576509921806094
4,0.7759122501271805
5,0.7914299281269829
6,0.7819301114892921
7,0.7736560226452033
8,0.7175011117766859
9,0.8035082556840523
