row,values
0,0.8318983650352498
1,0.8294289733332124
2,0.7836066948548317
3,0.7961271443119751
4,0.8474466423993473
5,0.7732406481646505
6,0.8132906110618526
7,0.7890848560891014
8,0.8423533350021004
9,0.8199799090608707
