row,values
0,0.791518170726478
1,0.7879823075912777
2,0.8074633377467545
3,0.8041256441861663
4,0.8319628230014571
5,0.8497215447532624
6,0.8347706869380206
7,0.7372029079519874
8,0.8354834928145755
9,0.7985927418187625
