row,values
geometric-mean,0.8104008557123662
kurtosis,0.46948762298642155
max,0.8466061770358538
mean,0.8108444373480558
median,0.810189440441008
min,0.7542734727338938
skewness,-0.5638533852069788
standard-deviation,0.028107958295114442
variance,7.900573195198928E-4
