row,values
geometric-mean,0.8339581377733333
kurtosis,1.1963740571562242
max,0.8685608010360845
mean,0.8341073126634853
median,0.8337359944875133
min,0.8090598804323829
skewness,0.7157058886081042
standard-deviation,0.01668843171058485
variance,2.7850375295885405E-4
