row,values
0,0.7832263378927183
1,0.7828220800226285
2,0.7810080624133905
3,0.779570238350281
4,0.7976257994857965
5,0.8231588163850404
6,0.8671423904932628
7,0.8040035318632432
8,0.785634841276837
9,0.8394599442822169
