row,values
0,0.7542734727338938
1,0.8466061770358538
2,0.8405412998975291
3,0.7938737386742076
4,0.8067051637409738
5,0.8136737171410423
6,0.7951637528107226
7,0.8418120751060296
8,0.8182426722941677
9,0.7975523040461375
