row,values
0,0.0
1,0.05515368932800126
2,0.014114326040931536
3,0.044869072200876464
4,0.032051282051282035
5,0.021994824747118318
6,0.025935074100211702
7,0.041225593977887554
8,0.024553046342037154
9,0.06710185838626204
