row,values
0,0.8698074280018828
1,0.8202840638492607
2,0.8585822730691589
3,0.8625612614249908
4,0.8804515098429654
5,0.9090611072297778
6,0.8567623716510258
7,0.8854368345190922
8,0.8930123805339546
9,0.8206896338687089
