row,values
geometric-mean,0.8804462250819202
kurtosis,-1.8447682414332154
max,0.9135866294257337
mean,0.8807334452095318
median,0.8755787978453213
min,0.8495758279933081
skewness,0.1881955636162043
standard-deviation,0.023738171537609206
variance,5.635007879489598E-4
