row,values
geometric-mean,0.6712517513138546
kurtosis,-0.10853324551450871
max,0.724892145054483
mean,0.6717300413217318
median,0.6624384436533322
min,0.6392789307166624
skewness,0.7907401589628974
standard-deviation,0.026930903627259802
variance,7.252735701807552E-4
