row,values
0,0.650756734916416
1,0.6167158337471158
2,0.7356660922393902
3,0.7313432835820896
4,0.5671641791044777
5,0.6167158337471158
6,0.735207524023717
7,0.11448140900195702
8,0.6821421269386921
9,0.7356660922393902
