row,values
geometric-mean,0.8917969054289713
kurtosis,-0.03014616672982484
max,0.9114780907432357
mean,0.8919441338167018
median,0.894907108130932
min,0.8628017638032068
skewness,-0.9363380687628853
standard-deviation,0.016999335150243013
variance,2.889773955502876E-4
