row,values
0,0.860653423040746
1,0.8933848695206291
2,0.8958676495255203
3,0.8600393336643593
4,0.8500065006384403
5,0.9058829559299798
6,0.8958956035218557
7,0.886478273992075
8,0.8805568807408921
9,0.8372451523991838
