row,values
0,0.8992703821823158
1,0.9059996866345766
2,0.8952368105960027
3,0.8945774056658613
4,0.8633542470318994
5,0.9114780907432357
6,0.8884442805943886
7,0.8899806624275306
8,0.9082980084880008
9,0.8628017638032068
