row,values
0,0.7963414795417769
1,0.9021842652935163
2,0.8552345902581029
3,0.8365165907795229
4,0.8125867372713935
5,0.8683792388351783
6,0.7857871683689198
7,0.857220791121406
8,0.8866108850293046
9,0.891114405474392
