row,values
0,0.3843502643339078
1,0.3364780792709642
2,0.2114671262084879
3,0.5129759984595397
4,0.054638743659393856
5,0.3550642092862499
6,0.43891063274624925
7,0.039723106580599944
8,0.15033443350760878
9,0.38818042858116464
