row,values
0,0.8975812547241119
1,0.8888888888888888
2,0.8888888888888888
3,0.9225245653817082
4,0.8888888888888888
5,0.9225245653817082
6,0.8888888888888888
7,0.9251070798689845
8,0.8888888888888888
9,0.919753086419753
