row,values
geometric-mean,0.9371882086167801
kurtosis,
max,0.9371882086167801
mean,0.9371882086167801
median,0.9371882086167801
min,0.9371882086167801
skewness,
standard-deviation,0.0
variance,0.0
