row,values
0,0.9356764928193501
1,0.8476946334089192
2,0.9356764928193501
3,0.8170068027210885
4,0.9371882086167801
5,0.7038170823885109
6,0.8153061224489796
7,0.9371882086167801
8,0.9371882086167801
9,0.8714285714285716
