row,values
geometric-mean,0.9370369271946498
kurtosis,10.000000000001492
max,0.9371882086167801
mean,0.9370370370370371
median,0.9371882086167801
min,0.9356764928193501
skewness,-3.1622776601685554
standard-deviation,4.780465094736627E-4
variance,2.2852846521995268E-7
