row,values
0,0.7091010461155945
1,0.7498573998176414
2,0.689799606202598
3,0.7581043069805153
4,0.6481719199489566
5,0.6425010155100868
6,0.6461511531620923
7,0.716797097995667
8,0.6157271357193493
9,0.7047886932846149
