row,values
0,0.6681915771118949
1,0.7310981926982106
2,0.653856885967914
3,0.6981153415731456
4,0.6945798121508627
5,0.6652426354099612
6,0.6998383124214963
7,0.6600898531302398
8,0.6443221833554882
9,0.6572443539300967
