row,values
geometric-mean,0.6865750748062078
kurtosis,-1.2360155602405092
max,0.7581043069805153
mean,0.6880999374737116
median,0.6972941497436065
min,0.6157271357193493
skewness,0.0059366379396474525
standard-deviation,0.048225862289880725
variance,0.0023257337936025396
