row,values
geometric-mean,0.6934421278428252
kurtosis,0.5775906599932226
max,0.7603001907789683
mean,0.6946814184478655
median,0.7082921717143253
min,0.5929712019690879
skewness,-1.0501906088948652
standard-deviation,0.04130349160607824
variance,0.0017059784188533757
