row,values
0,0.7022899835515173
1,0.7414132498078015
2,0.6820360869026031
3,0.7508842092608439
4,0.6419690897394443
5,0.6377057733498454
6,0.6424378141591274
7,0.7116213371288138
8,0.6110081246535346
9,0.6992505450410079
