row,values
geometric-mean,0.6805893462905671
kurtosis,-1.2432376018122038
max,0.7508842092608439
mean,0.6820616213594539
median,0.6906433159718055
min,0.6110081246535346
skewness,0.002108924666126625
standard-deviation,0.0471770723776478
variance,0.002225676158125819
