row,values
0,0.7158887557143023
1,0.7078614476357651
2,0.5885352886147898
3,0.7066913593323474
4,0.7134287042586337
5,0.6213734566680594
6,0.7180948786370137
7,0.7078916799739808
8,0.5982650125200586
9,0.6538255251480687
