row,values
geometric-mean,0.6931737437919554
kurtosis,1.406192157026589
max,0.9160997732426304
mean,0.7775056689342403
median,0.9142857142857143
min,0.22857142857142854
skewness,-1.778752019336979
standard-deviation,0.2893146954099927
variance,0.08370299298017686
