row,values
geometric-mean,0.9365513439956896
kurtosis,9.999999999998309
max,0.9371882086167801
mean,0.9365532879818594
median,0.9371882086167801
min,0.9308390022675738
skewness,-3.162277660168337
standard-deviation,0.0020077953397894407
variance,4.031242126480195E-6
