row,values
0,0.7458600083568675
1,0.8356853483536962
2,0.8290746322729226
3,0.7825339136164253
4,0.7921932438622769
5,0.8033947362991213
6,0.7853823367175333
7,0.8304597772501885
8,0.8047691281852576
9,0.7851012421795204
