row,values
geometric-mean,0.7931069864130814
kurtosis,0.6621198059002333
max,0.8551852056376567
mean,0.7935849957056534
median,0.7804586456405214
min,0.7699526341844422
skewness,1.254697731477733
standard-deviation,0.029380071383222274
variance,8.631885944832365E-4
