row,values
geometric-mean,0.8221086767924229
kurtosis,1.4638150880973608
max,0.8567312731293313
mean,0.8222538938801218
median,0.8216568493760046
min,0.7976445004405274
skewness,0.7780469948587424
standard-deviation,0.0163530512914254
variance,2.6742228653999005E-4
