row,values
0,0.9079935024649871
1,0.8641513040572762
2,0.8603252951219363
3,0.8959579863352314
4,0.8668102216437485
5,0.8598043811308469
6,0.8651397272438525
7,0.810360133323501
8,0.834941665723102
9,0.893322913609267
