row,values
geometric-mean,0.0
kurtosis,-1.4673580980523
max,0.41522292483584144
mean,0.22644877120110762
median,0.2565674741557012
min,0.0
skewness,-0.2991629175585355
standard-deviation,0.1444942462387452
variance,0.020878587196103138
