row,values
0,0.2305295950155763
1,0.060677918817129285
2,0.13218951969126325
3,0.41522292483584144
4,0.3380036473912886
5,0.2826053532958261
6,0.37017947644952803
7,0.33627423629515973
8,0.09880504021946342
9,0.0
