row,values
geometric-mean,0.8824796090204002
kurtosis,-0.36574879081970346
max,0.9131406089615263
mean,0.8829456995506301
median,0.8963966572854817
min,0.8272456511736966
skewness,-0.9502533032193522
standard-deviation,0.028886084557476047
variance,8.344058810616561E-4
