row,values
0,0.9371882086167801
1,0.9371882086167801
2,0.9371882086167801
3,0.9356764928193501
4,0.9371882086167801
5,0.9371882086167801
6,0.9371882086167801
7,0.9371882086167801
8,0.9371882086167801
9,0.9371882086167801
