row,values
geometric-mean,0.8704041025098048
kurtosis,0.9456345836554139
max,0.9371882086167801
mean,0.873817082388511
median,0.9035525321239608
min,0.7038170823885109
skewness,-1.1557237060343277
standard-deviation,0.07883872417808467
variance,0.006215544430028113
