row,values
geometric-mean,0.7744253312760334
kurtosis,1.673548940547085
max,0.8054868775935119
mean,0.7748272222402424
median,0.7789211808082364
min,0.7175011117766859
skewness,-1.1121535224975025
standard-deviation,0.026027751638700365
variance,6.774438553658695E-4
