row,values
geometric-mean,0.8072763123398548
kurtosis,1.3866772732968249
max,0.8497215447532624
mean,0.8078823657528742
median,0.8057944909664604
min,0.7372029079519874
skewness,-0.9546832045193785
standard-deviation,0.03261758209398426
variance,0.0010639066616578022
