row,values
geometric-mean,0.6470622424860336
kurtosis,-1.0336498663941698
max,0.7726022304038339
mean,0.651585811339062
median,0.6625667839053959
min,0.543321462548133
skewness,0.007631986588981959
standard-deviation,0.08057472800299777
variance,0.006492286792757072
