row,values
0,0.8256362920306788
1,0.8350265163209182
2,0.8347488054255399
3,0.8505091345604636
4,0.8391745597640438
5,0.8286284515046862
6,0.8090598804323829
7,0.8170055020105684
8,0.8685608010360845
9,0.8327231835494869
