row,values
geometric-mean,0.8038801469180048
kurtosis,0.7484740613470775
max,0.8671423904932628
mean,0.8043652042465416
median,0.7916303203813168
min,0.779570238350281
skewness,1.274842075353142
standard-deviation,0.029802119442379656
variance,8.881663232578634E-4
