row,values
geometric-mean,0.8120877056018159
kurtosis,-0.9003030461075028
max,0.8590887480552001
mean,0.8126389225895441
median,0.8142952645990265
min,0.7542734727338938
skewness,-0.2012693450226563
standard-deviation,0.030355863769002064
variance,9.214784651622122E-4
